src,alt
img/gallery/ncc-2020-2.jpg,RD Parade 2020
img/gallery/ncc-2020-1.jpg,RD Parade 2020
img/gallery/ncc-2019-4.jpg,Passing Out Parade
img/gallery/ncc-2019-3.jpg,SPC MDSHSS
img/gallery/ncc-2019-2.jpg,JD/JW NCC
img/gallery/ncc-2019-1.jpg,NCC Day 2019
img/gallery/ncc-2012-1.jpg,RD Parade 2012
img/gallery/ncc-2012-2.jpg,RD Parade 2012
img/gallery/ncc-2012-3.jpg,RD Parade 2012
img/gallery/ncc-2012-4.jpg,RD Parade 2012
img/gallery/ncc-2012-5.jpg,RD Parade 2012
img/gallery/ncc-2012-6.jpg,RD Parade 2012
img/gallery/ncc-2012-7.jpg,RD Parade 2012
